230,136,145,233,128,137,66
54,230,156,136,49,230,151,165,32,49,53,58,53,53,32,230,157,165,232,135,170,32,233,159,169,228,184,137,229,178,129,231,154,132,105,80,104,111,110,101,229,174,162,230,136,183,231,171,175
104,116,116,112,115,58,47,47,119,101,105,98,111,46,99,111,109,47,49,51,55,49,55,51,49,53,54,53,47,71,106,109,51,101,66,84,77,68,63,102,114,111,109,61,112,97,103,101,95,49,48,48,53,48,53,49,51,55,49,55,51,49,53,54,53,95,112,114,111,102,105,108,101,38,119,118,114,61,54,38,109,111,100,61,119,101,105,98,111,116,105,109,101
35,230,184,184,230,136,143,231,186,162,228,186,186,229,145,168,35,32,35,232,182,133,231,186,167,231,186,162,228,186,186,232,138,130,35,32,35,77,105,115,115,230,142,146,228,189,141,230,151,165,232,174,176,35,53,48,50,230,156,159,32,233,135,142,229,140,186,230,156,128,229,188,186,230,157,128,230,137,139,239,188,129,51,48,48,230,150,164,232,130,165,232,158,179,232,158,130,230,168,170,232,161,140,233,156,184,233,129,147,239,188,129,10,232,158,179,232,158,130,229,156,168,233,135,142,229,140,186,229,143,175,228,187,165,233,154,143,230,132,143,232,191,155,229,133,165,229,136,171,228,186,186,231,154,132,233,135,142,229,140,186,239,188,140,230,152,175,228,184,128,228,184,170,229,190,136,229,188,186,231,154,132,233,155,170,231,144,131,232,139,177,233,155,132,239,188,140,230,139,191,229,136,176,228,188,152,229,138,191,229,143,175,228,187,165,229,190,136,232,189,187,230,152,147,231,154,132,229,184,166,232,181,183,232,138,130,229,165,143,227,128,130,32,76,77,105,115,115,231,154,132,231,167,146,230,139,141,232,167,134,233,162,145
54,230,156,136,49,230,151,165,32,49,49,58,48,54,32,230,157,165,232,135,170,32,229,190,174,232,175,157,233,162,152,45,77,105,115,115
104,116,116,112,115,58,47,47,119,101,105,98,111,46,99,111,109,47,49,51,55,49,55,51,49,53,54,53,47,71,106,107,97,48,113,52,70,85,63,102,114,111,109,61,112,97,103,101,95,49,48,48,53,48,53,49,51,55,49,55,51,49,53,54,53,95,112,114,111,102,105,108,101,38,119,118,114,61,54,38,109,111,100,61,119,101,105,98,111,116,105,109,101
229,133,173,228,184,128,229,149,166,126,32,231,187,136,228,186,142,231,173,137,229,136,176,228,184,128,228,184,170,228,184,141,231,148,168,229,144,131,231,139,151,231,178,174,229,177,158,228,186,142,230,136,145,231,154,132,232,138,130,230,151,165,228,186,134,239,188,140,231,165,157,229,144,132,228,189,141,229,176,143,240,159,144,183,229,174,157,229,174,157,228,187,172,232,138,130,230,151,165,229,191,171,228,185,144,239,189,158,230,176,184,232,191,156,228,184,137,229,178,129,240,159,142,137,240,159,142,137
54,230,156,136,49,230,151,165,32,49,48,58,48,55,32,230,157,165,232,135,170,32,233,159,169,228,184,137,229,178,129,231,154,132,105,80,104,111,110,101,229,174,162,230,136,183,231,171,175
104,116,116,112,115,58,47,47,119,101,105,98,111,46,99,111,109,47,49,51,55,49,55,51,49,53,54,53,47,71,106,106,76,80,53,52,48,116,63,102,114,111,109,61,112,97,103,101,95,49,48,48,53,48,53,49,51,55,49,55,51,49,53,54,53,95,112,114,111,102,105,108,101,38,119,118,114,61,54,38,109,111,100,61,119,101,105,98,111,116,105,109,101
230,136,145,230,152,175,228,184,128,233,162,151,229,164,167,232,143,160,232,144,157,239,188,129
53,230,156,136,51,48,230,151,165,32,50,48,58,51,56,32,230,157,165,232,135,170,32,233,159,169,228,184,137,229,178,129,231,154,132,105,80,104,111,110,101,229,174,162,230,136,183,231,171,175
104,116,116,112,115,58,47,47,119,101,105,98,111,46,99,111,109,47,49,51,55,49,55,51,49,53,54,53,47,71,106,53,51,56,50,65,103,107,63,102,114,111,109,61,112,97,103,101,95,49,48,48,53,48,53,49,51,55,49,55,51,49,53,54,53,95,112,114,111,102,105,108,101,38,119,118,114,61,54,38,109,111,100,61,119,101,105,98,111,116,105,109,101
229,165,189,229,165,189,229,129,154,229,134,133,229,174,185,239,188,140,228,184,128,229,136,135,230,156,157,229,137,141,231,156,139,239,188,140,229,144,132,228,189,141,230,152,142,229,164,169,228,189,160,228,187,172,233,131,189,229,165,189,227,128,130,32,76,77,105,115,115,231,154,132,231,167,146,230,139,141,232,167,134,233,162,145
53,230,156,136,51,48,230,151,165,32,48,48,58,50,53,32,230,157,165,232,135,170,32,231,167,146,230,139,141,231,189,145,233,161,181,231,137,136
104,116,116,112,115,58,47,47,119,101,105,98,111,46,99,111,109,47,49,51,55,49,55,51,49,53,54,53,47,71,105,88,54,116,69,85,83,71,63,102,114,111,109,61,112,97,103,101,95,49,48,48,53,48,53,49,51,55,49,55,51,49,53,54,53,95,112,114,111,102,105,108,101,38,119,118,114,61,54,38,109,111,100,61,119,101,105,98,111,116,105,109,101
230,158,170,230,150,135,229,143,141,229,186,148,229,190,136,229,191,171,239,188,140,232,175,132,232,174,186,232,180,168,233,135,143,229,160,170,229,191,167,239,188,140,232,180,166,229,143,183,230,176,180,229,134,155,231,151,149,232,191,185,229,164,170,230,152,142,230,152,190,239,188,140,228,189,149,232,139,166,226,128,166,232,162,171,228,189,160,228,187,172,232,191,153,231,167,141,232,138,130,229,165,143,233,187,145,228,186,134,232,191,153,228,185,136,229,164,154,229,185,180,239,188,140,230,136,145,229,191,141,228,186,134,227,128,130,232,191,153,230,172,161,230,136,145,230,156,139,229,143,139,228,184,131,229,143,183,229,184,174,230,136,145,231,148,179,229,134,164,230,136,145,232,189,172,229,143,145,228,184,128,228,184,139,233,131,189,228,184,141,229,133,129,232,174,184,239,188,140,232,136,134,232,174,186,230,142,167,229,136,182,231,161,174,229,174,158,229,165,189,239,188,140,229,143,170,232,131,189,232,175,180,239,188,140,228,189,160,228,187,172,230,152,175,230,151,160,230,149,140,231,154,132,226,128,166,230,131,185,228,184,141,232,181,183,227,128,130,230,136,145,232,191,152,230,152,175,229,174,137,231,168,179,229,129,154,229,134,133,229,174,185,239,188,140,230,137,147,230,137,176,228,186,134,227,128,130
53,230,156,136,50,57,230,151,165,32,50,50,58,48,51,32,230,157,165,232,135,170,32,233,159,169,228,184,137,229,178,129,231,154,132,105,80,104,111,110,101,229,174,162,230,136,183,231,171,175
104,116,116,112,115,58,47,47,119,101,105,98,111,46,99,111,109,47,49,51,55,49,55,51,49,53,54,53,47,71,105,87,98,49,98,68,74,90,63,102,114,111,109,61,112,97,103,101,95,49,48,48,53,48,53,49,51,55,49,55,51,49,53,54,53,95,112,114,111,102,105,108,101,38,119,118,114,61,54,38,109,111,100,61,119,101,105,98,111,116,105,109,101
35,77,105,115,115,35,32,35,109,105,115,115,231,155,180,230,146,173,35,32,50,48,49,56,46,53,46,50,56,228,184,139,229,141,136,53,58,48,48,231,130,185,239,188,140,232,153,142,231,137,153,230,136,191,233,151,180,229,143,183,239,188,154,53,50,49,53,50,49,10,79,231,189,145,233,161,181,233,147,190,230,142,165,10,48,46,49,115,229,144,142,239,188,140,232,162,171,232,191,153,230,138,138,231,174,173,229,176,132,228,184,173,231,154,132,228,186,186,229,176,177,228,188,154,231,136,177,40,98,105,97,110,41,228,184,138,40,99,104,101,110,103,41,230,136,145,40,104,101,41,10,229,133,179,230,179,168,64,77,105,115,115,32,232,189,172,229,143,145,232,175,132,232,174,186,229,190,174,229,141,154,239,188,140,229,141,179,230,156,137,230,156,186,228,188,154,232,142,183,229,190,151,77,105,115,115,229,174,154,229,136,182,231,137,136,233,155,183,230,159,143,86,55,54,48,230,156,186,230,162,176,233,148,174,231,155,152,227,128,130
53,230,156,136,50,56,230,151,165,32,49,54,58,52,53,32,230,157,165,232,135,170,32,233,159,169,228,184,137,229,178,129,231,154,132,105,80,104,111,110,101,229,174,162,230,136,183,231,171,175
104,116,116,112,115,58,47,47,119,101,105,98,111,46,99,111,109,47,49,51,55,49,55,51,49,53,54,53,47,71,105,75,70,118,54,78,87,114,63,102,114,111,109,61,112,97,103,101,95,49,48,48,53,48,53,49,51,55,49,55,51,49,53,54,53,95,112,114,111,102,105,108,101,38,119,118,114,61,54,38,109,111,100,61,119,101,105,98,111,116,105,109,101
228,184,128,230,151,169,232,181,183,230,157,165,239,188,140,229,144,131,228,186,134,230,151,169,233,164,144,229,129,165,232,186,171,229,144,142,239,188,140,231,150,175,231,139,130,229,145,149,229,144,144,232,131,131,229,190,136,228,184,141,232,136,146,230,156,141,239,188,140,230,139,150,228,186,134,228,184,128,229,185,180,229,164,154,231,154,132,228,189,147,230,163,128,239,188,140,229,156,168,232,191,145,230,156,159,229,155,160,228,184,186,229,183,165,228,189,156,231,154,132,228,186,139,229,134,141,230,172,161,232,162,171,230,139,150,228,186,134,32,32,35,232,182,133,231,186,167,231,186,162,228,186,186,232,138,130,35,32,35,230,184,184,230,136,143,231,186,162,228,186,186,229,145,168,35
53,230,156,136,50,56,230,151,165,32,49,51,58,51,52,32,230,157,165,232,135,170,32,233,159,169,228,184,137,229,178,129,231,154,132,105,80,104,111,110,101,229,174,162,230,136,183,231,171,175,32,229,183,178,231,188,150,232,190,145
104,116,116,112,115,58,47,47,119,101,105,98,111,46,99,111,109,47,49,51,55,49,55,51,49,53,54,53,47,71,105,74,113,48,109,88,109,56,63,102,114,111,109,61,112,97,103,101,95,49,48,48,53,48,53,49,51,55,49,55,51,49,53,54,53,95,112,114,111,102,105,108,101,38,119,118,114,61,54,38,109,111,100,61,119,101,105,98,111,116,105,109,101
35,77,105,115,115,35,32,35,109,105,115,115,231,155,180,230,146,173,35,32,50,48,49,56,46,53,46,50,55,228,184,139,229,141,136,52,58,51,48,231,130,185,239,188,140,232,153,142,231,137,153,230,136,191,233,151,180,229,143,183,239,188,154,53,50,49,53,50,49,10,79,231,189,145,233,161,181,233,147,190,230,142,165,10,232,191,153,231,156,139,228,184,138,229,142,187,229,190,136,229,150,156,230,132,159,231,154,132,228,184,137,232,189,174,232,189,166,239,188,140,228,188,154,229,131,143,228,184,137,232,189,174,230,145,169,230,137,152,228,184,128,230,160,183,229,174,185,230,152,147,231,191,187,232,189,166,228,185,136,239,188,159,32,32,32,32,32,32,32,10,229,133,179,230,179,168,64,77,105,115,115,32,232,189,172,229,143,145,232,175,132,232,174,186,229,190,174,229,141,154,239,188,140,229,141,179,230,156,137,230,156,186,228,188,154,232,142,183,229,190,151,77,105,115,115,229,174,154,229,136,182,231,137,136,233,155,183,230,159,143,86,55,54,48,230,156,186,230,162,176,233,148,174,231,155,152,227,128,130
53,230,156,136,50,55,230,151,165,32,49,53,58,52,55,32,230,157,165,232,135,170,32,233,159,169,228,184,137,229,178,129,231,154,132,105,80,104,111,110,101,229,174,162,230,136,183,231,171,175
104,116,116,112,115,58,47,47,119,101,105,98,111,46,99,111,109,47,49,51,55,49,55,51,49,53,54,53,47,71,105,65,82,107,121,101,73,116,63,102,114,111,109,61,112,97,103,101,95,49,48,48,53,48,53,49,51,55,49,55,51,49,53,54,53,95,112,114,111,102,105,108,101,38,119,118,114,61,54,38,109,111,100,61,119,101,105,98,111,116,105,109,101
240,159,165,163,228,189,160,228,187,172,229,144,131,229,141,136,233,165,173,228,186,134,229,144,151,32,35,232,182,133,231,186,167,231,186,162,228,186,186,232,138,130,35,32,35,230,184,184,230,136,143,231,186,162,228,186,186,229,145,168,35
53,230,156,136,50,55,230,151,165,32,49,50,58,49,52,32,230,157,165,232,135,170,32,233,159,169,228,184,137,229,178,129,231,154,132,105,80,104,111,110,101,229,174,162,230,136,183,231,171,175,32,229,183,178,231,188,150,232,190,145
104,116,116,112,115,58,47,47,119,101,105,98,111,46,99,111,109,47,49,51,55,49,55,51,49,53,54,53,47,71,105,122,116,54,98,101,105,75,63,102,114,111,109,61,112,97,103,101,95,49,48,48,53,48,53,49,51,55,49,55,51,49,53,54,53,95,112,114,111,102,105,108,101,38,119,118,114,61,54,38,109,111,100,61,119,101,105,98,111,116,105,109,101
77,105,115,115,229,144,131,233,184,161,230,151,165,232,174,176,56,52,230,156,159,239,188,154,229,147,188,239,188,129,233,159,169,228,184,137,229,178,129,229,135,186,233,169,172,239,188,140,228,184,128,228,184,170,233,131,189,229,136,171,230,131,179,232,183,145,35,230,184,184,230,136,143,231,186,162,228,186,186,229,145,168,35,32,35,232,182,133,231,186,167,231,186,162,228,186,186,232,138,130,35,32,76,77,105,115,115,231,154,132,231,167,146,230,139,141,232,167,134,233,162,145
53,230,156,136,50,54,230,151,165,32,49,55,58,50,51,32,230,157,165,232,135,170,32,229,190,174,232,175,157,233,162,152,45,77,105,115,115
104,116,116,112,115,58,47,47,119,101,105,98,111,46,99,111,109,47,49,51,55,49,55,51,49,53,54,53,47,71,105,115,51,75,110,103,84,81,63,102,114,111,109,61,112,97,103,101,95,49,48,48,53,48,53,49,51,55,49,55,51,49,53,54,53,95,112,114,111,102,105,108,101,38,119,118,114,61,54,38,109,111,100,61,119,101,105,98,111,116,105,109,101
230,156,137,229,174,185,228,185,131,229,164,167,239,188,140,230,151,160,230,172,178,229,136,153,229,136,154,229,143,175,229,166,130,228,189,149,232,131,189,231,186,179,231,153,190,229,183,157,239,188,140,229,143,136,229,166,130,228,189,149,229,143,175,231,171,139,229,141,131,228,187,158,32,35,232,182,133,231,186,167,231,186,162,228,186,186,232,138,130,35,32,35,230,184,184,230,136,143,231,186,162,228,186,186,229,145,168,35
53,230,156,136,50,54,230,151,165,32,48,50,58,52,53,32,230,157,165,232,135,170,32,233,159,169,228,184,137,229,178,129,231,154,132,105,80,104,111,110,101,229,174,162,230,136,183,231,171,175,32,229,183,178,231,188,150,232,190,145
104,116,116,112,115,58,47,47,119,101,105,98,111,46,99,111,109,47,49,51,55,49,55,51,49,53,54,53,47,71,105,109,106,108,97,122,52,118,63,102,114,111,109,61,112,97,103,101,95,49,48,48,53,48,53,49,51,55,49,55,51,49,53,54,53,95,112,114,111,102,105,108,101,38,119,118,114,61,54,38,109,111,100,61,119,101,105,98,111,116,105,109,101
240,159,166,132,239,184,143,229,146,140,231,152,166,231,137,136,231,154,132,230,136,145,32,35,232,182,133,231,186,167,231,186,162,228,186,186,232,138,130,35,32,35,230,184,184,230,136,143,231,186,162,228,186,186,229,145,168,35
53,230,156,136,50,53,230,151,165,32,49,51,58,50,51,32,230,157,165,232,135,170,32,233,159,169,228,184,137,229,178,129,231,154,132,105,80,104,111,110,101,229,174,162,230,136,183,231,171,175,32,229,183,178,231,188,150,232,190,145
104,116,116,112,115,58,47,47,119,101,105,98,111,46,99,111,109,47,49,51,55,49,55,51,49,53,54,53,47,71,105,104,52,51,100,74,88,51,63,102,114,111,109,61,112,97,103,101,95,49,48,48,53,48,53,49,51,55,49,55,51,49,53,54,53,95,112,114,111,102,105,108,101,38,119,118,114,61,54,38,109,111,100,61,119,101,105,98,111,116,105,109,101
230,156,128,232,191,145,232,167,129,230,156,139,229,143,139,228,187,172,233,131,189,232,175,180,230,136,145,232,131,150,231,130,185,229,165,189,231,156,139,239,188,140,230,136,145,232,167,137,229,190,151,230,136,145,232,191,152,233,156,128,232,166,129,231,152,166,231,130,185,239,188,140,228,189,160,228,187,172,232,167,137,229,190,151,229,145,162,239,188,159,32,35,232,182,133,231,186,167,231,186,162,228,186,186,232,138,130,35,32,35,230,184,184,230,136,143,231,186,162,228,186,186,229,145,168,35
53,230,156,136,50,53,230,151,165,32,49,50,58,53,55,32,230,157,165,232,135,170,32,233,159,169,228,184,137,229,178,129,231,154,132,105,80,104,111,110,101,229,174,162,230,136,183,231,171,175,32,229,183,178,231,188,150,232,190,145
104,116,116,112,115,58,47,47,119,101,105,98,111,46,99,111,109,47,49,51,55,49,55,51,49,53,54,53,47,71,105,103,84,119,98,110,70,103,63,102,114,111,109,61,112,97,103,101,95,49,48,48,53,48,53,49,51,55,49,55,51,49,53,54,53,95,112,114,111,102,105,108,101,38,119,118,114,61,54,38,109,111,100,61,119,101,105,98,111,116,105,109,101
35,77,105,115,115,230,142,146,228,189,141,230,151,165,232,174,176,35,32,53,48,49,230,156,159,32,230,150,176,231,137,136,228,185,140,233,184,166,233,135,141,229,129,154,231,153,187,229,156,186,239,188,129,232,175,186,229,133,139,232,144,168,230,150,175,231,187,159,233,162,134,229,140,150,232,186,171,230,129,182,233,173,148,229,164,167,230,157,128,229,155,155,230,150,185,239,188,129,10,228,185,140,233,184,166,230,148,185,231,137,136,229,144,142,230,139,165,230,156,137,230,155,180,229,188,186,229,164,167,231,154,132,230,142,167,229,136,182,232,131,189,229,138,155,239,188,140,229,156,168,229,175,185,231,186,191,228,184,138,230,184,133,229,133,181,233,128,159,229,186,166,230,175,148,232,181,183,228,187,165,229,137,141,230,155,180,229,191,171,239,188,140,229,143,175,228,187,165,230,155,180,229,191,171,231,154,132,230,148,175,230,143,180,233,152,159,229,143,139,227,128,130,10,35,230,184,184,230,136,143,231,186,162,228,186,186,229,145,168,35,32,35,232,182,133,231,186,167,231,186,162,228,186,186,232,138,130,35,32,76,77,105,115,115,231,154,132,231,167,146,230,139,141,232,167,134,233,162,145
53,230,156,136,50,53,230,151,165,32,49,49,58,48,48,32,230,157,165,232,135,170,32,229,190,174,232,175,157,233,162,152,45,77,105,115,115
104,116,116,112,115,58,47,47,119,101,105,98,111,46,99,111,109,47,49,51,55,49,55,51,49,53,54,53,47,71,105,103,55,78,113,98,112,120,63,102,114,111,109,61,112,97,103,101,95,49,48,48,53,48,53,49,51,55,49,55,51,49,53,54,53,95,112,114,111,102,105,108,101,38,119,118,114,61,54,38,109,111,100,61,119,101,105,98,111,116,105,109,101
35,77,105,115,115,35,32,35,109,105,115,115,231,155,180,230,146,173,35,32,50,48,49,56,46,53,46,50,52,228,184,139,229,141,136,52,58,48,48,231,130,185,239,188,140,232,153,142,231,137,153,230,136,191,233,151,180,229,143,183,239,188,154,53,50,49,53,50,49,10,79,231,189,145,233,161,181,233,147,190,230,142,165,10,232,191,153,230,137,141,230,152,175,230,136,145,230,162,166,230,131,179,228,184,173,231,154,132,231,169,186,230,138,149,231,174,177,229,149,138,239,188,129,228,184,128,230,160,183,231,154,132,228,184,190,228,184,170,230,137,139,126,10,229,133,179,230,179,168,64,77,105,115,115,32,232,189,172,229,143,145,232,175,132,232,174,186,229,190,174,229,141,154,239,188,140,229,141,179,230,156,137,230,156,186,228,188,154,232,142,183,229,190,151,77,105,115,115,229,174,154,229,136,182,231,137,136,233,155,183,230,159,143,86,55,54,48,230,156,186,230,162,176,233,148,174,231,155,152,227,128,130
53,230,156,136,50,52,230,151,165,32,49,53,58,50,56,32,230,157,165,232,135,170,32,233,159,169,228,184,137,229,178,129,231,154,132,105,80,104,111,110,101,229,174,162,230,136,183,231,171,175
104,116,116,112,115,58,47,47,119,101,105,98,111,46,99,111,109,47,49,51,55,49,55,51,49,53,54,53,47,71,105,56,115,97,116,110,108,104,63,102,114,111,109,61,112,97,103,101,95,49,48,48,53,48,53,49,51,55,49,55,51,49,53,54,53,95,112,114,111,102,105,108,101,38,119,118,114,61,54,38,109,111,100,61,119,101,105,98,111,116,105,109,101
35,230,184,184,230,136,143,231,186,162,228,186,186,229,145,168,35,35,232,182,133,231,186,167,231,186,162,228,186,186,232,138,130,35,35,77,105,115,115,35,32,32,230,184,184,230,136,143,231,142,169,229,174,182,231,154,132,231,131,166,230,129,188,228,189,160,228,185,159,232,191,153,230,160,183,229,144,151,239,188,159
53,230,156,136,50,50,230,151,165,32,48,57,58,49,55,32,230,157,165,232,135,170,32,233,159,169,228,184,137,229,178,129,231,154,132,105,80,104,111,110,101,229,174,162,230,136,183,231,171,175
104,116,116,112,115,58,47,47,119,101,105,98,111,46,99,111,109,47,49,51,55,49,55,51,49,53,54,53,47,71,104,78,97,69,121,74,57,104,63,102,114,111,109,61,112,97,103,101,95,49,48,48,53,48,53,49,51,55,49,55,51,49,53,54,53,95,112,114,111,102,105,108,101,38,119,118,114,61,54,38,109,111,100,61,119,101,105,98,111,116,105,109,101

53,230,156,136,50,49,230,151,165,32,48,51,58,48,52,32,230,157,165,232,135,170,32,231,148,159,230,151,165,229,138,168,230,128,129
104,116,116,112,115,58,47,47,119,101,105,98,111,46,99,111,109,47,49,51,55,49,55,51,49,53,54,53,47,71,104,66,105,85,106,70,77,89,63,102,114,111,109,61,112,97,103,101,95,49,48,48,53,48,53,49,51,55,49,55,51,49,53,54,53,95,112,114,111,102,105,108,101,38,119,118,114,61,54,38,109,111,100,61,119,101,105,98,111,116,105,109,101
82,78,71,233,131,189,230,139,191,228,184,139,229,134,160,229,134,155,228,186,134,239,188,140,232,175,183,233,151,174,230,136,145,229,143,175,228,187,165,230,139,191,228,184,139,228,189,160,229,144,151,239,188,159,32,32,32,35,228,184,186,228,184,173,229,155,189,231,148,181,231,171,158,230,137,147,99,97,108,108,35
53,230,156,136,50,49,230,151,165,32,48,48,58,51,49,32,230,157,165,232,135,170,32,233,159,169,228,184,137,229,178,129,231,154,132,105,80,104,111,110,101,229,174,162,230,136,183,231,171,175,32,229,183,178,231,188,150,232,190,145
104,116,116,112,115,58,47,47,119,101,105,98,111,46,99,111,109,47,49,51,55,49,55,51,49,53,54,53,47,71,104,65,105,122,102,111,119,99,63,102,114,111,109,61,112,97,103,101,95,49,48,48,53,48,53,49,51,55,49,55,51,49,53,54,53,95,112,114,111,102,105,108,101,38,119,118,114,61,54,38,109,111,100,61,119,101,105,98,111,116,105,109,101
114,110,103,230,175,148,232,181,155,231,154,132,230,151,182,229,128,153,229,143,145,231,154,132,230,156,139,229,143,139,229,156,136,231,132,182,229,144,142,229,155,160,228,184,186,228,187,138,229,164,169,232,181,183,230,157,165,229,164,170,230,151,169,239,188,140,230,139,191,231,157,128,230,137,139,230,156,186,229,156,168,230,178,153,229,143,145,228,184,138,231,157,161,231,157,128,228,186,134,239,188,140,233,134,146,230,157,165,229,144,142,226,128,166,109,115,105,32,114,110,103,229,164,186,229,134,160,226,128,166,32,32,32,35,228,184,186,228,184,173,229,155,189,231,148,181,231,171,158,230,137,147,99,97,108,108,35
53,230,156,136,50,49,230,151,165,32,48,48,58,49,51,32,230,157,165,232,135,170,32,233,159,169,228,184,137,229,178,129,231,154,132,105,80,104,111,110,101,229,174,162,230,136,183,231,171,175,32,229,183,178,231,188,150,232,190,145
104,116,116,112,115,58,47,47,119,101,105,98,111,46,99,111,109,47,49,51,55,49,55,51,49,53,54,53,47,71,104,65,98,118,107,49,77,67,63,102,114,111,109,61,112,97,103,101,95,49,48,48,53,48,53,49,51,55,49,55,51,49,53,54,53,95,112,114,111,102,105,108,101,38,119,118,114,61,54,38,109,111,100,61,119,101,105,98,111,116,105,109,101
53,46,50,48,229,143,183,239,188,140,230,152,175,228,184,128,228,184,170,231,137,185,229,136,171,231,154,132,230,151,165,229,173,144,226,128,166,228,189,160,230,137,147,231,174,151,230,128,142,228,185,136,232,191,135,229,145,162,239,188,159
53,230,156,136,50,48,230,151,165,32,48,51,58,52,51,32,230,157,165,232,135,170,32,233,159,169,228,184,137,229,178,129,231,154,132,105,80,104,111,110,101,229,174,162,230,136,183,231,171,175
104,116,116,112,115,58,47,47,119,101,105,98,111,46,99,111,109,47,49,51,55,49,55,51,49,53,54,53,47,71,104,115,56,53,109,77,73,110,63,102,114,111,109,61,112,97,103,101,95,49,48,48,53,48,53,49,51,55,49,55,51,49,53,54,53,95,112,114,111,102,105,108,101,38,119,118,114,61,54,38,109,111,100,61,119,101,105,98,111,116,105,109,101
230,129,173,229,150,156,82,78,71
53,230,156,136,49,56,230,151,165,32,50,49,58,49,57,32,230,157,165,232,135,170,32,233,159,169,228,184,137,229,178,129,231,154,132,105,80,104,111,110,101,229,174,162,230,136,183,231,171,175
104,116,116,112,115,58,47,47,119,101,105,98,111,46,99,111,109,47,49,51,55,49,55,51,49,53,54,53,47,71,104,103,98,78,114,78,74,74,63,102,114,111,109,61,112,97,103,101,95,49,48,48,53,48,53,49,51,55,49,55,51,49,53,54,53,95,112,114,111,102,105,108,101,38,119,118,114,61,54,38,109,111,100,61,119,101,105,98,111,116,105,109,101
35,230,184,184,230,136,143,231,186,162,228,186,186,229,145,168,35,32,35,232,182,133,231,186,167,231,186,162,228,186,186,232,138,130,35,32,32,35,77,105,115,115,35,32,35,77,105,115,115,230,142,146,228,189,141,230,151,165,232,174,176,35,32,53,48,48,230,156,159,32,233,187,145,231,142,171,231,145,176,229,176,134,229,134,141,230,172,161,231,187,189,230,148,190,239,188,129,232,182,133,231,165,158,229,166,150,229,167,172,233,135,141,229,155,158,229,183,133,229,179,176,239,188,129,10,232,175,161,230,156,175,229,166,150,229,167,172,228,185,144,232,138,153,229,133,176,32,233,135,141,229,155,158,230,151,167,231,137,136,231,167,146,230,157,128,232,139,177,233,155,132,239,188,140,230,139,165,230,156,137,231,167,146,230,157,128,229,144,142,230,142,146,229,146,140,229,188,186,229,164,167,97,111,101,239,188,140,229,144,142,230,156,159,229,143,175,228,187,165,228,184,128,231,167,146,231,167,146,230,157,128,99,97,114,114,121,32,76,77,105,115,115,231,154,132,231,167,146,230,139,141,232,167,134,233,162,145
53,230,156,136,49,56,230,151,165,32,49,49,58,48,48,32,230,157,165,232,135,170,32,229,190,174,229,141,154,32,119,101,105,98,111,46,99,111,109
104,116,116,112,115,58,47,47,119,101,105,98,111,46,99,111,109,47,49,51,55,49,55,51,49,53,54,53,47,71,104,99,56,102,107,67,72,48,63,102,114,111,109,61,112,97,103,101,95,49,48,48,53,48,53,49,51,55,49,55,51,49,53,54,53,95,112,114,111,102,105,108,101,38,119,118,114,61,54,38,109,111,100,61,119,101,105,98,111,116,105,109,101
229,165,189,229,165,135,233,151,174,228,184,128,228,184,139,239,188,140,231,155,180,231,148,183,230,150,169,229,133,183,228,189,147,230,152,175,228,187,128,228,185,136,230,132,143,230,128,157,239,188,159,229,143,136,230,156,137,228,187,128,228,185,136,228,184,156,232,165,191,229,143,175,228,187,165,230,150,169,231,155,180,231,148,183,239,188,159,32,35,232,182,133,231,186,167,231,186,162,228,186,186,232,138,130,35,32,32,35,230,184,184,230,136,143,231,186,162,228,186,186,229,145,168,35
53,230,156,136,49,54,230,151,165,32,49,54,58,52,48,32,230,157,165,232,135,170,32,233,159,169,228,184,137,229,178,129,231,154,132,105,80,104,111,110,101,229,174,162,230,136,183,231,171,175,32,229,183,178,231,188,150,232,190,145
104,116,116,112,115,58,47,47,119,101,105,98,111,46,99,111,109,47,49,51,55,49,55,51,49,53,54,53,47,71,103,86,118,68,102,75,76,77,63,102,114,111,109,61,112,97,103,101,95,49,48,48,53,48,53,49,51,55,49,55,51,49,53,54,53,95,112,114,111,102,105,108,101,38,119,118,114,61,54,38,109,111,100,61,119,101,105,98,111,116,105,109,101
35,228,184,186,228,184,173,229,155,189,231,148,181,231,171,158,230,137,147,99,97,108,108,35
53,230,156,136,49,54,230,151,165,32,48,49,58,52,49,32,230,157,165,232,135,170,32,233,159,169,228,184,137,229,178,129,231,154,132,105,80,104,111,110,101,229,174,162,230,136,183,231,171,175,32,229,183,178,231,188,150,232,190,145
104,116,116,112,115,58,47,47,119,101,105,98,111,46,99,111,109,47,49,51,55,49,55,51,49,53,54,53,47,71,103,80,67,65,111,73,98,49,63,102,114,111,109,61,112,97,103,101,95,49,48,48,53,48,53,49,51,55,49,55,51,49,53,54,53,95,112,114,111,102,105,108,101,38,119,118,114,61,54,38,109,111,100,61,119,101,105,98,111,116,105,109,101
77,105,115,115,229,144,131,233,184,161,230,151,165,232,174,176,56,49,230,156,159,239,188,154,229,191,171,232,175,180,32,230,136,145,230,152,175,228,184,141,230,152,175,228,184,128,228,184,170,232,174,169,229,176,143,228,188,153,228,188,180,231,156,129,229,191,131,32,230,148,190,229,191,131,32,229,188,128,229,191,131,231,154,132,229,165,189,233,152,159,229,143,139,239,188,129,35,230,184,184,230,136,143,231,186,162,228,186,186,229,145,168,35,32,32,35,232,182,133,231,186,167,231,186,162,228,186,186,232,138,130,35,32,76,77,105,115,115,231,154,132,231,167,146,230,139,141,232,167,134,233,162,145
53,230,156,136,49,53,230,151,165,32,50,48,58,52,48,32,230,157,165,232,135,170,32,229,190,174,232,175,157,233,162,152,45,77,105,115,115
104,116,116,112,115,58,47,47,119,101,105,98,111,46,99,111,109,47,49,51,55,49,55,51,49,53,54,53,47,71,103,78,69,109,113,56,117,57,63,102,114,111,109,61,112,97,103,101,95,49,48,48,53,48,53,49,51,55,49,55,51,49,53,54,53,95,112,114,111,102,105,108,101,38,119,118,114,61,54,38,109,111,100,61,119,101,105,98,111,116,105,109,101
230,132,159,232,176,162,232,153,142,231,137,153,229,164,169,229,145,189,230,157,175,231,154,132,233,130,128,232,175,183,239,188,140,49,57,229,143,183,77,105,115,115,229,176,134,230,139,133,228,187,187,230,175,148,232,181,155,232,167,163,232,175,180,228,184,128,232,129,140,239,188,140,229,184,166,229,164,167,229,174,182,231,156,139,231,156,139,232,129,140,228,184,154,233,128,137,230,137,139,233,131,189,230,152,175,230,128,142,228,185,136,230,147,141,228,189,156,231,154,132,126,10,49,57,229,143,183,231,155,180,230,146,173,233,151,180,231,173,137,228,189,160,229,147,166,239,188,129
53,230,156,136,49,53,230,151,165,32,49,55,58,51,52,32,230,157,165,232,135,170,32,233,159,169,228,184,137,229,178,129,231,154,132,105,80,104,111,110,101,229,174,162,230,136,183,231,171,175
104,116,116,112,115,58,47,47,119,101,105,98,111,46,99,111,109,47,49,51,55,49,55,51,49,53,54,53,47,71,103,77,113,72,117,65,69,117,63,102,114,111,109,61,112,97,103,101,95,49,48,48,53,48,53,49,51,55,49,55,51,49,53,54,53,95,112,114,111,102,105,108,101,38,119,118,114,61,54,38,109,111,100,61,119,101,105,98,111,116,105,109,101
230,150,176,228,184,128,229,173,163,35,232,182,133,231,186,167,231,186,162,228,186,186,232,138,130,35,53,230,156,136,49,52,230,151,165,229,189,147,231,186,162,229,155,158,229,189,146,239,188,129,228,187,138,229,185,180,230,136,145,229,156,168,35,230,184,184,230,136,143,231,186,162,228,186,186,229,145,168,35,231,173,137,228,189,160,126,232,174,169,230,136,145,228,187,172,228,184,128,232,181,183,229,143,145,231,142,176,230,175,143,228,184,128,228,184,170,228,184,142,228,188,151,228,184,141,229,144,140,64,232,182,133,231,186,167,231,186,162,228,186,186,232,138,130,32,227,128,130
53,230,156,136,49,52,230,151,165,32,50,49,58,50,57,32,230,157,165,232,135,170,32,233,159,169,228,184,137,229,178,129,231,154,132,105,80,104,111,110,101,229,174,162,230,136,183,231,171,175
104,116,116,112,115,58,47,47,119,101,105,98,111,46,99,111,109,47,49,51,55,49,55,51,49,53,54,53,47,71,103,69,120,87,103,97,118,90,63,102,114,111,109,61,112,97,103,101,95,49,48,48,53,48,53,49,51,55,49,55,51,49,53,54,53,95,112,114,111,102,105,108,101,38,119,118,114,61,54,38,109,111,100,61,119,101,105,98,111,116,105,109,101
77,105,115,115,229,144,131,233,184,161,230,151,165,232,174,176,56,48,230,156,159,32,231,155,180,230,146,173,229,143,140,230,142,146,229,129,182,233,129,135,233,146,162,233,147,129,231,155,180,231,148,183,239,188,140,77,105,115,115,233,131,189,230,151,160,229,165,136,228,186,134,239,188,129,10,35,77,105,115,115,231,155,180,230,146,173,35,32,35,231,187,157,229,156,176,230,177,130,231,148,159,35,32,76,77,105,115,115,231,154,132,231,167,146,230,139,141,232,167,134,233,162,145
53,230,156,136,49,51,230,151,165,32,49,49,58,51,49,32,230,157,165,232,135,170,32,229,190,174,232,175,157,233,162,152,45,77,105,115,115
104,116,116,112,115,58,47,47,119,101,105,98,111,46,99,111,109,47,49,51,55,49,55,51,49,53,54,53,47,71,103,114,99,111,97,77,121,78,63,102,114,111,109,61,112,97,103,101,95,49,48,48,53,48,53,49,51,55,49,55,51,49,53,54,53,95,112,114,111,102,105,108,101,38,119,118,114,61,54,38,109,111,100,61,119,101,105,98,111,116,105,109,101
35,77,105,115,115,35,32,35,109,105,115,115,231,155,180,230,146,173,35,32,50,48,49,56,46,53,46,56,228,184,139,229,141,136,52,58,51,48,231,130,185,239,188,140,232,153,142,231,137,153,230,136,191,233,151,180,229,143,183,239,188,154,53,50,49,53,50,49,10,79,231,189,145,233,161,181,233,147,190,230,142,165,10,229,143,136,229,143,175,228,187,165,229,142,187,230,150,176,229,155,190,230,151,133,230,184,184,228,186,134,228,185,136,239,188,159,233,163,158,230,156,186,233,163,158,228,184,128,230,172,161,230,156,186,231,165,168,229,164,154,229,176,145,233,146,177,229,133,179,230,179,168,64,77,105,115,115,32,232,189,172,229,143,145,232,175,132,232,174,186,229,190,174,229,141,154,239,188,140,229,141,179,230,156,137,230,156,186,228,188,154,232,142,183,229,190,151,77,105,115,115,229,174,154,229,136,182,231,137,136,233,155,183,230,159,143,86,55,54,48,230,156,186,230,162,176,233,148,174,231,155,152,227,128,130
53,230,156,136,56,230,151,165,32,49,53,58,52,54,32,230,157,165,232,135,170,32,233,159,169,228,184,137,229,178,129,231,154,132,105,80,104,111,110,101,229,174,162,230,136,183,231,171,175
104,116,116,112,115,58,47,47,119,101,105,98,111,46,99,111,109,47,49,51,55,49,55,51,49,53,54,53,47,71,102,72,74,117,113,48,90,105,63,102,114,111,109,61,112,97,103,101,95,49,48,48,53,48,53,49,51,55,49,55,51,49,53,54,53,95,112,114,111,102,105,108,101,38,119,118,114,61,54,38,109,111,100,61,119,101,105,98,111,116,105,109,101
35,77,105,115,115,35,32,35,109,105,115,115,231,155,180,230,146,173,35,32,50,48,49,56,46,53,46,55,228,184,139,229,141,136,52,58,48,48,231,130,185,239,188,140,232,153,142,231,137,153,230,136,191,233,151,180,229,143,183,239,188,154,53,50,49,53,50,49,10,79,231,189,145,233,161,181,233,147,190,230,142,165,10,230,150,176,231,137,136,231,154,132,51,229,128,141,233,149,156,229,146,140,54,229,128,141,233,149,156,228,189,160,228,187,172,232,167,137,229,190,151,229,165,189,231,148,168,228,185,136,239,188,159,10,229,133,179,230,179,168,64,77,105,115,115,32,232,189,172,229,143,145,232,175,132,232,174,186,229,190,174,229,141,154,239,188,140,229,141,179,230,156,137,230,156,186,228,188,154,232,142,183,229,190,151,77,105,115,115,229,174,154,229,136,182,231,137,136,233,155,183,230,159,143,86,55,54,48,230,156,186,230,162,176,233,148,174,231,155,152,227,128,130
53,230,156,136,55,230,151,165,32,49,53,58,51,52,32,230,157,165,232,135,170,32,233,159,169,228,184,137,229,178,129,231,154,132,105,80,104,111,110,101,229,174,162,230,136,183,231,171,175
104,116,116,112,115,58,47,47,119,101,105,98,111,46,99,111,109,47,49,51,55,49,55,51,49,53,54,53,47,71,102,121,101,50,120,55,48,122,63,102,114,111,109,61,112,97,103,101,95,49,48,48,53,48,53,49,51,55,49,55,51,49,53,54,53,95,112,114,111,102,105,108,101,38,119,118,114,61,54,38,109,111,100,61,119,101,105,98,111,116,105,109,101
228,187,138,229,164,169,232,166,129,229,142,187,229,143,130,229,138,160,230,156,139,229,143,139,231,154,132,229,169,154,231,164,188,239,188,140,230,143,144,229,137,141,232,183,159,230,150,176,233,131,142,229,174,152,230,137,147,229,165,189,230,139,155,229,145,188,229,143,175,228,187,165,229,188,128,230,136,183,229,164,150,231,155,180,230,146,173,239,188,140,231,172,172,228,184,137,230,172,161,229,143,130,229,138,160,229,136,171,228,186,186,229,169,154,231,164,188,228,186,134,239,188,140,230,136,145,229,156,168,230,131,179,228,187,128,228,185,136,230,151,182,229,128,153,229,143,175,228,187,165,229,189,147,228,184,128,230,172,161,228,188,180,229,168,152,229,149,138,227,128,130,228,189,160,228,187,172,229,143,130,229,138,160,232,191,135,229,169,154,231,164,188,229,144,151,239,188,159
53,230,156,136,54,230,151,165,32,49,51,58,48,53,32,230,157,165,232,135,170,32,233,159,169,228,184,137,229,178,129,231,154,132,105,80,104,111,110,101,229,174,162,230,136,183,231,171,175
104,116,116,112,115,58,47,47,119,101,105,98,111,46,99,111,109,47,49,51,55,49,55,51,49,53,54,53,47,71,102,110,80,104,99,111,48,48,63,102,114,111,109,61,112,97,103,101,95,49,48,48,53,48,53,49,51,55,49,55,51,49,53,54,53,95,112,114,111,102,105,108,101,38,119,118,114,61,54,38,109,111,100,61,119,101,105,98,111,116,105,109,101
231,170,151,229,164,150,233,152,180,229,164,169,228,186,134,239,188,140,95,95,95,95,95,95,95,95,95,95,95,239,188,136,230,142,165,228,184,139,229,143,165,239,188,137
53,230,156,136,53,230,151,165,32,49,50,58,53,56,32,230,157,165,232,135,170,32,233,159,169,228,184,137,229,178,129,231,154,132,105,80,104,111,110,101,229,174,162,230,136,183,231,171,175
104,116,116,112,115,58,47,47,119,101,105,98,111,46,99,111,109,47,49,51,55,49,55,51,49,53,54,53,47,71,102,101,108,80,114,55,76,57,63,102,114,111,109,61,112,97,103,101,95,49,48,48,53,48,53,49,51,55,49,55,51,49,53,54,53,95,112,114,111,102,105,108,101,38,119,118,114,61,54,38,109,111,100,61,119,101,105,98,111,116,105,109,101
77,105,115,115,229,144,131,233,184,161,230,151,165,232,174,176,55,56,230,156,159,239,188,154,231,169,186,230,138,149,239,188,159,232,191,152,230,152,175,229,143,140,233,187,132,232,155,139,239,188,159,228,184,141,229,173,152,229,156,168,231,154,132,32,230,176,148,231,154,132,229,174,157,229,174,157,233,131,189,229,134,146,231,131,159,228,186,134,35,109,105,115,115,231,155,180,230,146,173,35,32,76,77,105,115,115,231,154,132,231,167,146,230,139,141,232,167,134,233,162,145
53,230,156,136,53,230,151,165,32,49,49,58,51,53,32,230,157,165,232,135,170,32,229,190,174,229,141,154,32,119,101,105,98,111,46,99,111,109
104,116,116,112,115,58,47,47,119,101,105,98,111,46,99,111,109,47,49,51,55,49,55,51,49,53,54,53,47,71,102,100,79,48,107,84,108,114,63,102,114,111,109,61,112,97,103,101,95,49,48,48,53,48,53,49,51,55,49,55,51,49,53,54,53,95,112,114,111,102,105,108,101,38,119,118,114,61,54,38,109,111,100,61,119,101,105,98,111,116,105,109,101
230,152,168,229,164,169,230,155,180,230,150,176,228,186,134,231,187,157,229,156,176,230,177,130,231,148,159,230,150,176,232,161,165,228,184,129,229,144,142,239,188,140,230,158,170,229,143,152,229,190,151,229,165,189,230,138,150,239,188,140,233,131,189,230,137,147,228,184,141,228,184,173,228,186,186,228,186,134,239,188,140,232,191,158,233,152,159,229,143,139,233,131,189,230,137,147,228,184,141,228,184,173,239,188,140,228,189,160,228,187,172,228,185,159,232,191,153,231,167,141,230,132,159,232,167,137,229,144,151,239,188,159
53,230,156,136,52,230,151,165,32,49,53,58,50,52,32,230,157,165,232,135,170,32,233,159,169,228,184,137,229,178,129,231,154,132,105,80,104,111,110,101,229,174,162,230,136,183,231,171,175
104,116,116,112,115,58,47,47,119,101,105,98,111,46,99,111,109,47,49,51,55,49,55,51,49,53,54,53,47,71,102,53,83,79,107,52,80,77,63,102,114,111,109,61,112,97,103,101,95,49,48,48,53,48,53,49,51,55,49,55,51,49,53,54,53,95,112,114,111,102,105,108,101,38,119,118,114,61,54,38,109,111,100,61,119,101,105,98,111,116,105,109,101
35,77,105,115,115,35,32,32,32,50,48,49,56,46,53,46,51,228,184,139,229,141,136,52,58,48,48,231,130,185,239,188,140,232,153,142,231,137,153,230,136,191,233,151,180,229,143,183,239,188,154,53,50,49,53,50,49,10,79,231,189,145,233,161,181,233,147,190,230,142,165,10,233,129,147,231,144,134,230,136,145,233,131,189,230,135,130,229,149,138,239,188,140,229,143,175,230,152,175,228,184,186,228,187,128,228,185,136,230,150,176,230,143,161,230,138,138,229,141,180,230,152,175,231,178,137,231,186,162,232,137,178,231,154,132,229,145,162,239,188,159,239,188,136,229,133,129,230,130,178,239,188,137,227,128,130,229,133,179,230,179,168,64,77,105,115,115,32,232,189,172,229,143,145,232,175,132,232,174,186,229,190,174,229,141,154,239,188,140,229,141,179,230,156,137,230,156,186,228,188,154,232,142,183,229,190,151,77,105,115,115,229,174,154,229,136,182,231,137,136,233,155,183,230,159,143,86,55,54,48,230,156,186,230,162,176,233,148,174,231,155,152,227,128,130
53,230,156,136,51,230,151,165,32,49,53,58,51,48,32,230,157,165,232,135,170,32,229,190,174,232,175,157,233,162,152,45,109,105,115,115,231,155,180,230,146,173
104,116,116,112,115,58,47,47,119,101,105,98,111,46,99,111,109,47,49,51,55,49,55,51,49,53,54,53,47,71,101,87,117,74,105,80,120,97,63,102,114,111,109,61,112,97,103,101,95,49,48,48,53,48,53,49,51,55,49,55,51,49,53,54,53,95,112,114,111,102,105,108,101,38,119,118,114,61,54,38,109,111,100,61,119,101,105,98,111,116,105,109,101
77,105,115,115,229,144,131,233,184,161,230,151,165,232,174,176,55,55,230,156,159,32,232,191,158,231,187,173,232,162,171,229,135,187,229,128,146,49,49,230,172,161,228,188,154,229,143,145,231,148,159,228,187,128,228,185,136,239,188,159,77,105,115,115,239,188,154,230,152,175,229,156,168,228,184,139,232,190,147,228,186,134,239,188,129,10,35,231,187,157,229,156,176,230,177,130,231,148,159,35,32,35,229,144,131,233,184,161,35,32,76,77,105,115,115,231,154,132,231,167,146,230,139,141,232,167,134,233,162,145
53,230,156,136,49,230,151,165,32,49,49,58,48,48,32,230,157,165,232,135,170,32,229,190,174,232,175,157,233,162,152,45,77,105,115,115
104,116,116,112,115,58,47,47,119,101,105,98,111,46,99,111,109,47,49,51,55,49,55,51,49,53,54,53,47,71,101,66,82,80,50,110,111,79,63,102,114,111,109,61,112,97,103,101,95,49,48,48,53,48,53,49,51,55,49,55,51,49,53,54,53,95,112,114,111,102,105,108,101,38,119,118,114,61,54,38,109,111,100,61,119,101,105,98,111,116,105,109,101
229,144,132,228,189,141,232,138,130,230,151,165,229,191,171,228,185,144,126,32,228,189,160,228,187,172,228,186,148,228,184,128,230,152,175,229,156,168,229,138,179,229,138,168,232,191,152,230,152,175,230,148,190,229,129,135,229,145,162,239,188,159
53,230,156,136,49,230,151,165,32,48,57,58,51,51,32,230,157,165,232,135,170,32,233,159,169,228,184,137,229,178,129,231,154,132,105,80,104,111,110,101,229,174,162,230,136,183,231,171,175
104,116,116,112,115,58,47,47,119,101,105,98,111,46,99,111,109,47,49,51,55,49,55,51,49,53,54,53,47,71,101,66,105,79,121,106,85,111,63,102,114,111,109,61,112,97,103,101,95,49,48,48,53,48,53,49,51,55,49,55,51,49,53,54,53,95,112,114,111,102,105,108,101,38,119,118,114,61,54,38,109,111,100,61,119,101,105,98,111,116,105,109,101
